source.type,pucid,product,form,prevalence,freq,indoor,dietary,migration,dirderm,diringest,dirinhaer,dirinhvap,downthedrain,indir.fug,indir.y0,row.num
product,AC.0100.010,body paint,aerosol,0.2,5,1,0,0,1,0,1,1,1,1,0,1
product,AC.0100.010,body paint,gel,0.2,5,1,0,0,1,0,0,1,1,1,0,2
product,AC.0100.010,body paint,liquid,0.2,5,1,0,0,1,0,0,1,1,1,0,3
product,AC.0100.010,body paint,paste,0.2,5,1,0,0,1,0,0,1,1,1,0,4
product,AC.0100.010,body paint,pump spray,0.2,5,1,0,0,1,0,1,1,1,1,0,5
product,AC.0200.010,bubble solution,liquid,1,1,1,0,0,1,0,0,1,1,1,0,6
product,AC.0200.020,crayons,solid,1,1,1,0,0,1,0,0,1,0,1,0,7
product,AC.0200.030,finger paint,gel,0.5,2,1,0,0,1,0,0,1,1,1,0,8
product,AC.0200.030,finger paint,paste,0.5,2,1,0,0,1,0,0,1,1,1,0,9
product,AC.0200.040,modeling clay,solid,1,1,1,0,0,1,0,0,1,0,1,0,10
product,AC.0300.010,fabric dye,powder,0.5,2,1,0,0,1,0,0,1,1,1,0,11
product,AC.0300.010,fabric dye,liquid,0.5,2,1,0,0,1,0,0,1,1,1,0,12
product,AC.0300.020,fabric paints and sealers,gel,0.333333333,3,1,0,0,1,0,0,1,1,1,0,13
product,AC.0300.020,fabric paints and sealers,liquid,0.333333333,3,1,0,0,1,0,0,1,1,1,0,14
product,AC.0300.020,fabric paints and sealers,paste,0.333333333,3,1,0,0,1,0,0,1,1,1,0,15
product,AC.0400.010,fogger,liquid,1,1,1,0,0,0,0,0,1,1,1,0,16
product,AC.0500.010,arts and crafts adhesive,gel,0.166666667,6,1,0,0,1,0,0,1,1,1,0,17
product,AC.0500.010,arts and crafts adhesive,liquid,0.166666667,6,1,0,0,1,0,0,1,1,1,0,18
product,AC.0500.010,arts and crafts adhesive,paste,0.166666667,6,1,0,0,1,0,0,1,1,1,0,19
product,AC.0500.010,arts and crafts adhesive,pump spray,0.166666667,6,1,0,0,1,0,1,1,1,1,0,20
product,AC.0500.010,arts and crafts adhesive,aerosol,0.166666667,6,1,0,0,1,0,1,1,1,1,0,21
product,AC.0500.010,arts and crafts adhesive,hot melt,0.166666667,6,1,0,0,1,0,0,1,1,1,0,22
product,AC.0500.020,arts and crafts cleaner,gel,0.5,2,1,0,0,1,0,0,1,1,1,0,23
product,AC.0500.020,arts and crafts cleaner,liquid,0.5,2,1,0,0,1,0,0,1,1,1,0,24
product,AC.0500.030,arts and crafts finish,aerosol,0.5,2,1,0,0,1,0,1,1,1,1,0,25
product,AC.0500.030,arts and crafts finish,liquid,0.5,2,1,0,0,1,0,0,1,1,1,0,26
product,AC.0500.040,arts and crafts paint,aerosol,0.333333333,3,1,0,0,1,0,1,1,1,1,0,27
product,AC.0500.040,arts and crafts paint,liquid,0.333333333,3,1,0,0,1,0,0,1,1,1,0,28
product,AC.0500.040,arts and crafts paint,solid,0.333333333,3,1,0,0,1,0,0,1,0,1,0,29
product,AC.0500.050,craft kit,gel,0.333333333,3,1,0,0,1,0,0,1,1,1,0,30
product,AC.0500.050,craft kit,liquid,0.333333333,3,1,0,0,1,0,0,1,1,1,0,31
product,AC.0500.050,craft kit,solid,0.333333333,3,1,0,0,1,0,0,1,0,1,0,32
product,AC.0500.060,flocking,powder,0.333333333,3,1,0,0,1,0,0,1,1,1,0,33
product,AC.0500.060,flocking,aerosol,0.333333333,3,1,0,0,1,0,1,1,1,1,0,34
product,AC.0500.060,flocking,liquid,0.333333333,3,1,0,0,1,0,0,1,1,1,0,35
product,AC.0700.020,pens and markers,gel,0.5,2,1,0,0,1,0,0,1,0,1,0,36
product,AC.0700.020,pens and markers,liquid,0.5,2,1,0,0,1,0,0,1,0,1,0,37
product,AC.0700.030,white out,liquid,1,1,1,0,0,1,0,0,1,0,1,0,38
product,AC.0800.010,glaze,aerosol,0.333333333,3,1,0,0,1,0,1,1,1,1,0,39
product,AC.0800.010,glaze,liquid,0.333333333,3,1,0,0,1,0,0,1,1,1,0,40
product,AC.0800.010,glaze,pump spray,0.333333333,3,1,0,0,1,0,1,1,1,1,0,41
product,CP.0100.010,air freshener,aerosol,0.2,5,1,0,0,1,0,1,1,0,1,0,42
product,CP.0100.010,air freshener,pump spray,0.2,5,1,0,0,1,0,1,1,0,1,0,43
product,CP.0100.010,air freshener,gel,0.2,5,1,0,0,1,0,0,1,0,1,0,44
product,CP.0100.010,air freshener,liquid,0.2,5,1,0,0,1,0,0,1,0,1,0,45
product,CP.0100.010,air freshener,solid,0.2,5,1,0,0,1,0,0,1,0,1,0,46
product,CP.0200.010,bathroom cleaner,powder,0.166666667,6,1,0,0,1,0,0,1,1,1,0,47
product,CP.0200.010,bathroom cleaner,foam spray,0.166666667,6,1,0,0,1,0,1,1,1,1,0,48
product,CP.0200.010,bathroom cleaner,aerosol,0.166666667,6,1,0,0,1,0,1,1,1,1,0,49
product,CP.0200.010,bathroom cleaner,pump spray,0.166666667,6,1,0,0,1,0,1,1,1,1,0,50
product,CP.0200.010,bathroom cleaner,gel,0.166666667,6,1,0,0,1,0,0,1,1,1,0,51
product,CP.0200.010,bathroom cleaner,liquid,0.166666667,6,1,0,0,1,0,0,1,1,1,0,52
product,CP.0300.010,carpet cleaner,liquid,0.2,5,1,0,0,1,0,0,1,1,1,0,53
product,CP.0300.010,carpet cleaner,aerosol,0.2,5,1,0,0,1,0,1,1,1,1,0,54
product,CP.0300.010,carpet cleaner,foam spray,0.2,5,1,0,0,1,0,1,1,1,1,0,55
product,CP.0300.010,carpet cleaner,pump spray,0.2,5,1,0,0,1,0,1,1,1,1,0,56
product,CP.0300.010,carpet cleaner,powder,0.2,5,1,0,0,1,0,0,1,1,1,0,57
product,CP.0300.020,carpet deodorizer,liquid,0.25,4,1,0,0,1,0,0,1,1,1,0,58
product,CP.0300.020,carpet deodorizer,aerosol,0.25,4,1,0,0,1,0,1,1,1,1,0,59
product,CP.0300.020,carpet deodorizer,pump spray,0.25,4,1,0,0,1,0,1,1,1,1,0,60
product,CP.0300.020,carpet deodorizer,powder,0.25,4,1,0,0,1,0,0,1,1,1,0,61
product,CP.0300.030,floor cleaner,liquid,0.25,4,1,0,0,1,0,0,1,1,1,0,62
product,CP.0300.030,floor cleaner,wipes,0.25,4,1,0,0,1,0,0,1,1,1,0,63
product,CP.0300.030,floor cleaner,pump spray,0.25,4,1,0,0,1,0,1,1,1,1,0,64
product,CP.0300.030,floor cleaner,powder,0.25,4,1,0,0,1,0,0,1,1,1,0,65
product,CP.0300.040,floor polish,pump spray,0.333333333,3,1,0,0,1,0,1,1,1,1,0,66
product,CP.0300.040,floor polish,paste,0.333333333,3,1,0,0,1,0,0,1,1,1,0,67
product,CP.0300.040,floor polish,liquid,0.333333333,3,1,0,0,1,0,0,1,1,1,0,68
product,CP.0400.020,automatic dishwashing additive,liquid,0.333333333,3,1,0,0,1,0,0,1,1,1,0,69
product,CP.0400.020,automatic dishwashing additive,pods,0.333333333,3,1,0,0,1,0,0,1,1,1,0,70
product,CP.0400.020,automatic dishwashing additive,powder,0.333333333,3,1,0,0,1,0,0,1,1,1,0,71
product,CP.0400.030,automatic dishwashing detergent,liquid,0.25,4,1,0,0,1,0,0,1,1,1,0,72
product,CP.0400.030,automatic dishwashing detergent,pods,0.25,4,1,0,0,1,0,0,1,1,1,0,73
product,CP.0400.030,automatic dishwashing detergent,powder,0.25,4,1,0,0,1,0,0,1,1,1,0,74
product,CP.0400.030,automatic dishwashing detergent,gel,0.25,4,1,0,0,1,0,0,1,1,1,0,700
product,CP.0400.040,dish soap,liquid,1,1,1,0,0,1,0,0,1,1,1,0,75
product,CP.0500.010,drain products,liquid,0.333333333,3,1,0,0,1,0,0,1,1,1,0,76
product,CP.0500.010,drain products,pods,0.333333333,3,1,0,0,1,0,0,1,1,1,0,77
product,CP.0500.010,drain products,powder,0.333333333,3,1,0,0,1,0,0,1,1,1,0,78
product,CP.0600.010,fireplace,aerosol,0.2,5,1,0,0,1,0,1,1,1,1,0,79
product,CP.0600.010,fireplace,liquid,0.2,5,1,0,0,1,0,0,1,1,1,0,80
product,CP.0600.010,fireplace,powder,0.2,5,1,0,0,1,0,0,1,1,1,0,81
product,CP.0600.010,fireplace,pump spray,0.2,5,1,0,0,1,0,1,1,1,1,0,82
product,CP.0600.010,fireplace,solid,0.2,5,1,0,0,1,0,0,1,0,1,0,83
product,CP.0700.010,bleach,liquid,0.5,2,1,0,0,1,0,0,1,1,1,0,84
product,CP.0700.010,bleach,powder,0.5,2,1,0,0,1,0,0,1,1,1,0,85
product,CP.0700.020,disinfectant,aerosol,0.2,5,1,0,0,1,0,1,1,1,1,0,86
product,CP.0700.020,disinfectant,foam spray,0.2,5,1,0,0,1,0,1,1,1,1,0,87
product,CP.0700.020,disinfectant,liquid,0.2,5,1,0,0,1,0,0,1,1,1,0,88
product,CP.0700.020,disinfectant,pump spray,0.2,5,1,0,0,1,0,1,1,1,1,0,89
product,CP.0700.020,disinfectant,wipes,0.2,5,1,0,0,1,0,0,1,1,1,0,90
product,CP.0700.030,glass cleaner,liquid,0.2,5,1,0,0,1,0,0,1,1,1,0,91
product,CP.0700.030,glass cleaner,wipes,0.2,5,1,0,0,1,0,0,1,1,1,0,92
product,CP.0700.030,glass cleaner,aerosol,0.2,5,1,0,0,1,0,1,1,1,1,0,93
product,CP.0700.030,glass cleaner,pump spray,0.2,5,1,0,0,1,0,1,1,1,1,0,94
product,CP.0700.030,glass cleaner,powder,0.2,5,1,0,0,1,0,0,1,1,1,0,95
product,CP.0700.040,surface cleaner,powder,0.166666667,6,1,0,0,1,0,0,1,1,1,0,96
product,CP.0700.040,surface cleaner,aerosol,0.166666667,6,1,0,0,1,0,1,1,1,1,0,97
product,CP.0700.040,surface cleaner,wipes,0.166666667,6,1,0,0,1,0,0,1,1,1,0,98
product,CP.0700.040,surface cleaner,liquid,0.166666667,6,1,0,0,1,0,0,1,1,1,0,99
product,CP.0700.040,surface cleaner,pump spray,0.166666667,6,1,0,0,1,0,1,1,1,1,0,100
product,CP.0700.040,surface cleaner,foam spray,0.166666667,6,1,0,0,1,0,1,1,1,1,0,101
product,CP.0800.010,hand cleaner,gel,0.25,4,1,0,0,1,0,0,1,1,1,0,102
product,CP.0800.010,hand cleaner,liquid,0.25,4,1,0,0,1,0,0,1,1,1,0,103
product,CP.0800.010,hand cleaner,powder,0.25,4,1,0,0,1,0,0,1,1,1,0,104
product,CP.0800.010,hand cleaner,wipes,0.25,4,1,0,0,1,0,0,1,1,1,0,105
product,CP.0900.010,heavy duty cleaner,liquid,0.5,2,1,0,0,1,0,0,1,1,1,0,106
product,CP.0900.010,heavy duty cleaner,powder,0.5,2,1,0,0,1,0,0,1,1,1,0,107
product,CP.1000.010,houseplant care,powder,0.333333333,3,1,0,0,1,0,0,1,1,1,0,108
product,CP.1000.010,houseplant care,liquid,0.333333333,3,1,0,0,1,0,0,1,1,1,0,109
product,CP.1000.010,houseplant care,pump spray,0.333333333,3,1,0,0,1,0,1,1,1,1,0,110
product,CP.1100.010,lamp oil/lighter fluid,liquid,1,1,1,0,0,1,0,0,1,1,1,0,111
product,CP.1200.010,dry cleaner,liquid,1,1,1,0,0,1,0,0,1,1,1,0,114
product,CP.1200.020,dryer sheets,impregnated sheets,1,1,1,0,0,1,0,0,1,0,1,0,115
product,CP.1200.030,fabric deodorizer,aerosol,0.5,2,1,0,0,1,0,1,1,1,1,0,116
product,CP.1200.030,fabric deodorizer,pump spray,0.5,2,1,0,0,1,0,1,1,1,1,0,117
product,CP.1200.040,fabric protectant,aerosol,0.5,2,1,0,0,1,0,1,1,1,1,0,118
product,CP.1200.040,fabric protectant,pump spray,0.5,2,1,0,0,1,0,1,1,1,1,0,119
product,CP.1200.041,anti-static spray,aerosol,0.5,2,1,0,0,1,0,1,1,1,1,0,112
product,CP.1200.041,anti-static spray,pump spray,0.5,2,1,0,0,1,0,1,1,1,1,0,113
product,CP.1200.050,fabric softener,liquid,1,1,1,0,0,1,0,0,1,1,1,0,120
product,CP.1200.060,laundry detergent,pods,0.25,4,1,0,0,1,0,0,1,1,1,0,121
product,CP.1200.060,laundry detergent,powder,0.25,4,1,0,0,1,0,0,1,1,1,0,122
product,CP.1200.060,laundry detergent,liquid,0.25,4,1,0,0,1,0,0,1,1,1,0,123
product,CP.1200.060,laundry detergent,solid,0.25,4,1,0,0,1,0,0,1,0,1,0,124
product,CP.1200.070,laundry fragrance,aerosol,0.25,4,1,0,0,1,0,1,1,1,1,0,125
product,CP.1200.070,laundry fragrance,liquid,0.25,4,1,0,0,1,0,0,1,1,1,0,126
product,CP.1200.070,laundry fragrance,powder,0.25,4,1,0,0,1,0,0,1,1,1,0,127
product,CP.1200.070,laundry fragrance,pump spray,0.25,4,1,0,0,1,0,1,1,1,1,0,128
product,CP.1200.080,laundry stain remover,gel,0.2,5,1,0,0,1,0,0,1,1,1,0,129
product,CP.1200.080,laundry stain remover,liquid,0.2,5,1,0,0,1,0,0,1,1,1,0,130
product,CP.1200.080,laundry stain remover,paste,0.2,5,1,0,0,1,0,0,1,1,1,0,131
product,CP.1200.080,laundry stain remover,pump spray,0.2,5,1,0,0,1,0,1,1,1,1,0,132
product,CP.1200.080,laundry stain remover,powder,0.2,5,1,0,0,1,0,0,1,1,1,0,701
product,CP.1200.090,laundry starch,aerosol,0.333333333,3,1,0,0,1,0,1,1,1,1,0,133
product,CP.1200.090,laundry starch,powder,0.333333333,3,1,0,0,1,0,0,1,1,1,0,134
product,CP.1200.090,laundry starch,pump spray,0.333333333,3,1,0,0,1,0,1,1,1,1,0,135
product,CP.1300.010,lime remover,liquid,0.333333333,3,1,0,0,1,0,0,1,1,1,0,136
product,CP.1300.010,lime remover,powder,0.333333333,3,1,0,0,1,0,0,1,1,1,0,137
product,CP.1300.010,lime remover,pump spray,0.333333333,3,1,0,0,1,0,1,1,1,1,0,138
product,CP.1400.010,metal polish,gel,0.333333333,3,1,0,0,1,0,0,1,1,1,0,139
product,CP.1400.010,metal polish,liquid,0.333333333,3,1,0,0,1,0,0,1,1,1,0,140
product,CP.1400.010,metal polish,paste,0.333333333,3,1,0,0,1,0,0,1,1,1,0,141
product,CP.1500.010,oven cleaner,aerosol,0.25,4,1,0,0,1,0,1,1,1,1,0,142
product,CP.1500.010,oven cleaner,gel,0.25,4,1,0,0,1,0,0,1,1,1,0,143
product,CP.1500.010,oven cleaner,liquid,0.25,4,1,0,0,1,0,0,1,1,1,0,144
product,CP.1500.010,oven cleaner,pump spray,0.25,4,1,0,0,1,0,1,1,1,1,0,145
product,CP.1500.010.E,oven cleaner,aerosol,1,1,0,0,0,1,0,1,1,1,1,0,702
product,CP.1600.010,shoe polish or protectant,aerosol,0.25,4,1,0,0,1,0,1,1,1,1,0,146
product,CP.1600.010,shoe polish or protectant,liquid,0.25,4,1,0,0,1,0,0,1,1,1,0,147
product,CP.1600.010,shoe polish or protectant,paste,0.25,4,1,0,0,1,0,0,1,1,1,0,148
product,CP.1600.010,shoe polish or protectant,pump spray,0.25,4,1,0,0,1,0,1,1,1,1,0,149
product,CP.1700.010,upholstery cleaner,liquid,0.25,4,1,0,0,1,0,0,1,1,1,0,150
product,CP.1700.010,upholstery cleaner,aerosol,0.25,4,1,0,0,1,0,1,1,1,1,0,151
product,CP.1700.010,upholstery cleaner,foam spray,0.25,4,1,0,0,1,0,1,1,1,1,0,152
product,CP.1700.010,upholstery cleaner,pump spray,0.25,4,1,0,0,1,0,1,1,1,1,0,153
product,CP.1800.010,wood polish,liquid,0.25,4,1,0,0,1,0,0,1,1,1,0,154
product,CP.1800.010,wood polish,aerosol,0.25,4,1,0,0,1,0,1,1,1,1,0,155
product,CP.1800.010,wood polish,pump spray,0.25,4,1,0,0,1,0,1,1,1,1,0,156
product,CP.1800.010,wood polish,paste,0.25,4,1,0,0,1,0,0,1,1,1,0,157
product,EL.0300.050,printer ink,cartridge,1,1,1,0,0,1,0,0,1,0,1,0,158
product,EL.0300.060,printer toner,cartridge,1,1,1,0,0,1,0,0,1,0,1,0,159
product,EL.0400.010,electronics cleaner,aerosol,0.5,2,1,0,0,1,0,1,1,1,1,0,160
product,EL.0400.010,electronics cleaner,pump spray,0.5,2,1,0,0,1,0,1,1,1,1,0,161
product,HM.0100.010,adhesive remover,aerosol,0.25,4,1,0,0,1,0,1,1,1,1,0,162
product,HM.0100.010,adhesive remover,liquid,0.25,4,1,0,0,1,0,0,1,1,1,0,163
product,HM.0100.010,adhesive remover,pump spray,0.25,4,1,0,0,1,0,1,1,1,1,0,164
product,HM.0100.010,adhesive remover,wipes,0.25,4,1,0,0,1,0,0,1,1,1,0,165
product,HM.0100.020,multipurpose adhesive,aerosol,0.166666667,6,1,0,0,1,0,1,1,1,1,0,166
product,HM.0100.020,multipurpose adhesive,foam spray,0.166666667,6,1,0,0,1,0,1,1,1,1,0,167
product,HM.0100.020,multipurpose adhesive,liquid,0.166666667,6,1,0,0,1,0,0,1,1,1,0,168
product,HM.0100.020,multipurpose adhesive,paste,0.166666667,6,1,0,0,1,0,0,1,1,1,0,169
product,HM.0100.020,multipurpose adhesive,pump spray,0.166666667,6,1,0,0,1,0,1,1,1,1,0,170
product,HM.0100.020,multipurpose adhesive,two component,0.166666667,6,1,0,0,1,0,0,1,1,1,0,171
product,HM.0100.030,wood adhesive,aerosol,0.25,4,1,0,0,1,0,1,1,1,1,0,172
product,HM.0100.030,wood adhesive,liquid,0.25,4,1,0,0,1,0,0,1,1,1,0,173
product,HM.0100.030,wood adhesive,paste,0.25,4,1,0,0,1,0,0,1,1,1,0,174
product,HM.0100.030,wood adhesive,powder,0.25,4,1,0,0,1,0,0,1,1,1,0,175
product,HM.0400.010,caulk/sealant,liquid,0.25,4,1,0,0,1,0,0,1,0,0,0,176
product,HM.0400.010,caulk/sealant,paste,0.25,4,1,0,0,1,0,0,1,0,0,0,177
product,HM.0400.010,caulk/sealant,foam spray,0.25,4,1,0,0,1,0,1,1,0,0,0,178
product,HM.0400.010,caulk/sealant,two component,0.25,4,1,0,0,1,0,0,1,0,0,0,179
product,HM.0400.010.E,exterior caulk/sealant,liquid,1,1,0,0,0,1,0,0,1,0,0,0,703
product,HM.0500.010,concrete,liquid,0.25,4,0,0,0,1,0,0,1,0,0,0,180
product,HM.0500.010,concrete,paste,0.25,4,0,0,0,1,0,0,1,0,0,0,181
product,HM.0500.010,concrete,solid,0.25,4,0,0,0,1,0,0,1,0,0,0,182
product,HM.0500.010,concrete,two component,0.25,4,0,0,0,1,0,0,1,0,0,0,183
product,HM.0600.010,corrosion protection,aerosol,0.5,2,1,0,0,1,0,1,1,1,1,0,184
product,HM.0600.010,corrosion protection,liquid,0.5,2,1,0,0,1,0,0,1,1,1,0,185
product,HM.0700.010,degreaser,aerosol,0.333333333,3,1,0,0,1,0,1,1,1,1,0,186
product,HM.0700.010,degreaser,liquid,0.333333333,3,1,0,0,1,0,0,1,1,1,0,187
product,HM.0700.010,degreaser,powder,0.333333333,3,1,0,0,1,0,0,1,1,1,0,188
product,HM.0800.010,wood finish,aerosol,0.5,2,1,0,0,1,0,1,1,1,1,0,189
product,HM.0800.010,wood finish,liquid,0.5,2,1,0,0,1,0,0,1,1,1,0,190
product,HM.0800.010.E,exterior wood finish,liquid,1,1,0,0,0,1,0,0,1,1,1,0,704
product,HM.1000.010,spray foam,foam spray,1,1,1,0,0,1,0,1,1,0,1,0,191
product,HM.1200.010,lock deicer,aerosol,0.333333333,3,0,0,0,1,0,1,1,0,0,0,192
product,HM.1200.010,lock deicer,liquid,0.333333333,3,0,0,0,1,0,0,1,0,0,0,193
product,HM.1200.010,lock deicer,pump spray,0.333333333,3,0,0,0,1,0,1,1,0,0,0,194
product,HM.1300.010,lubricant,gel,0.2,5,1,0,0,1,0,0,1,1,1,0,195
product,HM.1300.010,lubricant,liquid,0.2,5,1,0,0,1,0,0,1,1,1,0,196
product,HM.1300.010,lubricant,powder,0.2,5,1,0,0,1,0,0,1,1,1,0,197
product,HM.1300.010,lubricant,aerosol,0.2,5,1,0,0,1,0,1,1,1,1,0,198
product,HM.1300.010,lubricant,pump spray,0.2,5,1,0,0,1,0,1,1,1,1,0,199
product,HM.1400.010,paint,aerosol,0.5,2,1,0,0,1,0,1,1,1,1,0,202
product,HM.1400.010,paint,liquid,0.5,2,1,0,0,1,0,0,1,1,1,0,203
product,HM.1400.010.E,external paint,liquid,0.5,2,0,0,0,1,0,0,1,1,1,0,705
product,HM.1400.010.E,external paint,aerosol,0.5,2,0,0,0,1,0,1,1,1,1,0,706
product,HM.1400.011,oil-based paint,aerosol,0.5,2,1,0,0,1,0,1,1,1,1,0,200
product,HM.1400.011,oil-based paint,liquid,0.5,2,1,0,0,1,0,0,1,1,1,0,201
product,HM.1400.012,water-based paint,aerosol,0.5,2,1,0,0,1,0,1,1,1,1,0,214
product,HM.1400.012,water-based paint,liquid,0.5,2,1,0,0,1,0,0,1,1,1,0,215
product,HM.1400.012.E,exterior water-based paint,liquid,1,1,0,0,0,1,0,0,1,1,1,0,707
product,HM.1400.020,paint cleaner,liquid,1,1,1,0,0,1,0,0,1,1,1,0,204
product,HM.1400.030,paint texture,gel,0.5,2,1,0,0,1,0,0,1,1,1,0,205
product,HM.1400.030,paint texture,liquid,0.5,2,1,0,0,1,0,0,1,1,1,0,206
product,HM.1400.040,paint thinner,liquid,1,1,1,0,0,1,0,0,1,1,1,0,207
product,HM.1400.050,primer,aerosol,0.5,2,1,0,0,1,0,1,1,1,1,0,208
product,HM.1400.050,primer,liquid,0.5,2,1,0,0,1,0,0,1,1,1,0,209
product,HM.1400.050.E,exterior primer,liquid,1,1,0,0,0,1,0,0,1,1,1,0,708
product,HM.1400.060,stain,liquid,1,1,1,0,0,1,0,0,1,1,1,0,210
product,HM.1400.060.E,exterior stain,liquid,1,1,1,0,0,1,0,0,1,1,1,0,709
product,HM.1400.070,stripper,gel,0.333333333,3,1,0,0,1,0,0,1,1,1,0,211
product,HM.1400.070,stripper,liquid,0.333333333,3,1,0,0,1,0,0,1,1,1,0,212
product,HM.1400.070,stripper,paste,0.333333333,3,1,0,0,1,0,0,1,1,1,0,213
product,HM.1500.010,wall patch and repair,gel,0.5,2,1,0,0,1,0,0,1,1,1,0,219
product,HM.1500.010,wall patch and repair,paste,0.5,2,1,0,0,1,0,0,1,1,1,0,220
product,HM.1500.020,putty or filler,gel,0.333333333,3,1,0,0,1,0,0,1,1,1,0,216
product,HM.1500.020,putty or filler,paste,0.333333333,3,1,0,0,1,0,0,1,1,1,0,217
product,HM.1500.020,putty or filler,solid,0.333333333,3,1,0,0,1,0,0,1,0,1,0,218
product,HM.1600.010,plumbing,gel,0.333333333,3,1,0,0,1,0,0,1,1,1,0,221
product,HM.1600.010,plumbing,liquid,0.333333333,3,1,0,0,1,0,0,1,1,1,0,222
product,HM.1600.010,plumbing,paste,0.333333333,3,1,0,0,1,0,0,1,1,1,0,223
product,HM.1700.010,refrigerant,gas,0.5,2,1,0,0,1,0,0,1,0,1,0,224
product,HM.1700.010,refrigerant,liquid,0.5,2,1,0,0,1,0,0,1,0,1,0,225
product,HM.1800.010,roof,liquid,0.5,2,0,0,0,1,0,0,1,0,0,0,226
product,HM.1800.010,roof,paste,0.5,2,0,0,0,1,0,0,1,0,0,0,227
product,HM.1900.010,septic system,liquid,0.333333333,3,0,0,0,1,0,0,1,0,0,0,228
product,HM.1900.010,septic system,powder,0.333333333,3,0,0,0,1,0,0,1,0,0,0,229
product,HM.1900.010,septic system,solid,0.333333333,3,0,0,0,1,0,0,1,0,0,0,230
product,HM.2000.010,glass surface sealer,aerosol,0.5,2,1,0,0,1,0,1,1,1,1,0,231
product,HM.2000.010,glass surface sealer,liquid,0.5,2,1,0,0,1,0,0,1,1,1,0,232
product,HM.2000.030,stone surface sealer,aerosol,0.333333333,3,1,0,0,1,0,1,1,1,1,0,233
product,HM.2000.030,stone surface sealer,liquid,0.333333333,3,1,0,0,1,0,0,1,1,1,0,234
product,HM.2000.030,stone surface sealer,pump spray,0.333333333,3,1,0,0,1,0,1,1,1,1,0,235
product,HM.2000.040,surface sealer,aerosol,0.333333333,3,1,0,0,1,0,1,1,1,1,0,236
product,HM.2000.040,surface sealer,pump spray,0.333333333,3,1,0,0,1,0,1,1,1,1,0,237
product,HM.2000.040,surface sealer,liquid,0.333333333,3,1,0,0,1,0,0,1,1,1,0,238
product,HM.2100.010,grout sealer,pump spray,0.2,5,0,0,0,1,0,1,1,0,0,0,239
product,HM.2100.010,grout sealer,aerosol,0.2,5,0,0,0,1,0,1,1,0,0,0,240
product,HM.2100.010,grout sealer,gel,0.2,5,0,0,0,1,0,0,1,0,0,0,241
product,HM.2100.010,grout sealer,liquid,0.2,5,0,0,0,1,0,0,1,0,0,0,242
product,HM.2100.010,grout sealer,paste,0.2,5,0,0,0,1,0,0,1,0,0,0,243
product,HM.2100.020,mortar or grout,paste,0.5,2,0,0,0,1,0,0,1,0,0,0,244
product,HM.2100.020,mortar or grout,solid,0.5,2,0,0,0,1,0,0,1,0,0,0,245
product,HM.2400.010,welding,solid,0.25,4,1,0,0,1,0,0,1,0,1,0,246
product,HM.2400.010,welding,gas,0.25,4,1,0,0,1,0,0,1,0,1,0,247
product,HM.2400.010,welding,gel,0.25,4,1,0,0,1,0,0,1,0,1,0,248
product,HM.2400.010,welding,liquid,0.25,4,1,0,0,1,0,0,1,0,1,0,249
product,LY.0100.010,cleaner,liquid,0.5,2,0,0,0,1,0,0,1,0,0,0,250
product,LY.0100.010,cleaner,pump spray,0.5,2,0,0,0,1,0,1,1,0,0,0,251
product,LY.0200.010,grill/camping fuel,liquid,0.333333333,3,0,0,0,1,0,0,1,0,0,0,252
product,LY.0200.010,grill/camping fuel,gas,0.333333333,3,0,0,0,1,0,0,1,0,0,0,253
product,LY.0200.010,grill/camping fuel,solid,0.333333333,3,0,0,0,1,0,0,1,0,0,0,254
product,LY.0300.010,herbicide,hose spray,0.25,4,0,0,0,1,0,1,1,0,0,0,255
product,LY.0300.010,herbicide,liquid,0.25,4,0,0,0,1,0,0,1,0,0,0,256
product,LY.0300.010,herbicide,pump spray,0.25,4,0,0,0,1,0,1,1,0,0,0,257
product,LY.0300.010,herbicide,solid,0.25,4,0,0,0,1,0,0,1,0,0,0,258
product,LY.0400.010,lawn fertilizer,hose spray,0.2,5,0,0,0,1,0,1,1,0,0,0,259
product,LY.0400.010,lawn fertilizer,liquid,0.2,5,0,0,0,1,0,0,1,0,0,0,260
product,LY.0400.010,lawn fertilizer,pump spray,0.2,5,0,0,0,1,0,1,1,0,0,0,261
product,LY.0400.010,lawn fertilizer,solid,0.2,5,0,0,0,1,0,0,1,0,0,0,262
product,LY.0400.010,lawn fertilizer,granules,0.2,5,0,0,0,1,0,0,1,0,0,0,710
product,LY.0500.010,lawnmower fluids,liquid,1,1,0,0,0,1,0,0,1,0,0,0,263
product,LY.0600.010,garden care,liquid,0.5,2,0,0,0,1,0,0,1,0,0,0,264
product,LY.0600.010,garden care,powder,0.5,2,0,0,0,1,0,0,1,0,0,0,265
product,LY.0600.020,garden fertilizer,hose spray,0.2,5,0,0,0,1,0,1,1,0,0,0,266
product,LY.0600.020,garden fertilizer,liquid,0.2,5,0,0,0,1,0,0,1,0,0,0,267
product,LY.0600.020,garden fertilizer,pump spray,0.2,5,0,0,0,1,0,1,1,0,0,0,268
product,LY.0600.020,garden fertilizer,solid,0.2,5,0,0,0,1,0,0,1,0,0,0,269
product,LY.0600.020,garden fertilizer,granules,0.2,5,0,0,0,1,0,0,1,0,0,0,711
product,LY.0600.030,mulch,solid,1,1,0,0,0,1,0,0,1,0,0,0,270
product,LY.0600.040,potting soil,solid,1,1,0,0,0,1,0,0,1,0,0,0,271
product,LY.0600.050,trees,aerosol,0.5,2,0,0,0,1,0,1,1,0,0,0,272
product,LY.0600.050,trees,liquid,0.5,2,0,0,0,1,0,0,1,0,0,0,273
product,LY.0700.010,ph control,liquid,0.25,4,0,0,0,1,0,0,1,0,0,0,274
product,LY.0700.010,ph control,powder,0.25,4,0,0,0,1,0,0,1,0,0,0,275
product,LY.0700.010,ph control,solid,0.25,4,0,0,0,1,0,0,1,0,0,0,276
product,LY.0700.010,ph control,granules,0.25,4,0,0,0,1,0,0,1,0,0,0,712
product,LY.0700.020,pool algaecide,liquid,0.333333333,3,0,0,0,1,0,0,1,0,0,0,277
product,LY.0700.020,pool algaecide,powder,0.333333333,3,0,0,0,1,0,0,1,0,0,0,278
product,LY.0700.020,pool algaecide,solid,0.333333333,3,0,0,0,1,0,0,1,0,0,0,279
product,LY.0700.030,pool chemicals - other,liquid,0.333333333,3,0,0,0,1,0,0,1,0,0,0,280
product,LY.0700.030,pool chemicals - other,powder,0.333333333,3,0,0,0,1,0,0,1,0,0,0,281
product,LY.0700.030,pool chemicals - other,solid,0.333333333,3,0,0,0,1,0,0,1,0,0,0,282
product,LY.0700.040,pool chlorine,liquid,0.333333333,3,0,0,0,1,0,0,1,0,0,0,283
product,LY.0700.040,pool chlorine,powder,0.333333333,3,0,0,0,1,0,0,1,0,0,0,284
product,LY.0700.040,pool chlorine,solid,0.333333333,3,0,0,0,1,0,0,1,0,0,0,285
product,LY.0700.050,shock,liquid,0.333333333,3,0,0,0,1,0,0,1,0,0,0,286
product,LY.0700.050,shock,powder,0.333333333,3,0,0,0,1,0,0,1,0,0,0,287
product,LY.0700.050,shock,solid,0.333333333,3,0,0,0,1,0,0,1,0,0,0,288
product,LY.0800.010,surface deicer,liquid,0.5,2,0,0,0,1,0,0,1,0,0,0,289
product,LY.0800.010,surface deicer,powder,0.5,2,0,0,0,1,0,0,1,0,0,0,290
product,PC.0100.010,acne spot treatment,gel,0.333333333,3,1,0,0,1,0,0,1,1,1,0,291
product,PC.0100.010,acne spot treatment,liquid,0.333333333,3,1,0,0,1,0,0,1,1,1,0,292
product,PC.0100.010,acne spot treatment,paste,0.333333333,3,1,0,0,1,0,0,1,1,1,0,293
product,PC.0100.020,face scrub,gel,0.5,2,1,0,0,1,0,0,1,1,1,0,294
product,PC.0100.020,face scrub,paste,0.5,2,1,0,0,1,0,0,1,1,1,0,295
product,PC.0100.030,face wash,gel,0.333333333,3,1,0,0,1,0,0,1,1,1,0,296
product,PC.0100.030,face wash,liquid,0.333333333,3,1,0,0,1,0,0,1,1,1,0,297
product,PC.0100.030,face wash,paste,0.333333333,3,1,0,0,1,0,0,1,1,1,0,298
product,PC.0200.010,bite relief,gel,0.25,4,1,0,0,1,0,0,1,1,1,0,299
product,PC.0200.010,bite relief,liquid,0.25,4,1,0,0,1,0,0,1,1,1,0,300
product,PC.0200.010,bite relief,paste,0.25,4,1,0,0,1,0,0,1,1,1,0,301
product,PC.0200.010,bite relief,pump spray,0.25,4,1,0,0,1,0,1,1,1,1,0,302
product,PC.0300.010,body adhesive,gel,0.333333333,3,1,0,0,1,0,0,1,1,1,0,303
product,PC.0300.010,body adhesive,liquid,0.333333333,3,1,0,0,1,0,0,1,1,1,0,304
product,PC.0300.010,body adhesive,pump spray,0.333333333,3,1,0,0,1,0,1,1,1,1,0,305
product,PC.0400.010,body care set,aerosol,0.2,5,1,0,0,1,0,1,1,1,1,0,306
product,PC.0400.010,body care set,gel,0.2,5,1,0,0,1,0,0,1,1,1,0,307
product,PC.0400.010,body care set,liquid,0.2,5,1,0,0,1,0,0,1,1,1,0,308
product,PC.0400.010,body care set,powder,0.2,5,1,0,0,1,0,0,1,1,1,0,309
product,PC.0400.010,body care set,pump spray,0.2,5,1,0,0,1,0,1,1,1,1,0,310
product,PC.0500.010,bar soap,solid,1,1,1,0,0,1,0,0,1,0,1,0,311
product,PC.0500.020,body scrub,gel,0.333333333,3,1,0,0,1,0,0,1,1,1,0,312
product,PC.0500.020,body scrub,liquid,0.333333333,3,1,0,0,1,0,0,1,1,1,0,313
product,PC.0500.020,body scrub,paste,0.333333333,3,1,0,0,1,0,0,1,1,1,0,314
product,PC.0500.030,body wash,foam spray,0.25,4,1,0,0,1,0,1,1,1,1,0,315
product,PC.0500.030,body wash,gel,0.25,4,1,0,0,1,0,0,1,1,1,0,316
product,PC.0500.030,body wash,liquid,0.25,4,1,0,0,1,0,0,1,1,1,0,317
product,PC.0500.030,body wash,paste,0.25,4,1,0,0,1,0,0,1,1,1,0,318
product,PC.0500.040,body wipes,wipes,1,1,1,0,0,1,0,0,1,1,1,0,319
product,PC.0500.050,hand sanitizer,gel,0.5,2,1,0,0,1,0,0,1,1,1,0,320
product,PC.0500.050,hand sanitizer,liquid,0.5,2,1,0,0,1,0,0,1,1,1,0,321
product,PC.0500.060,hand soap,gel,0.5,2,1,0,0,1,0,0,1,1,1,0,322
product,PC.0500.060,hand soap,liquid,0.5,2,1,0,0,1,0,0,1,1,1,0,323
product,PC.0500.070,hand wipes,wipes,1,1,1,0,0,1,0,0,1,1,1,0,324
product,PC.0600.010,body oil,liquid,1,1,1,0,0,1,0,0,1,1,1,0,325
product,PC.0700.010,body powder,powder,1,1,1,0,0,1,0,0,1,1,1,0,326
product,PC.0800.010,baby lotion,gel,0.333333333,3,1,0,0,1,0,0,1,1,1,0,327
product,PC.0800.010,baby lotion,liquid,0.333333333,3,1,0,0,1,0,0,1,1,1,0,328
product,PC.0800.010,baby lotion,paste,0.333333333,3,1,0,0,1,0,0,1,1,1,0,329
product,PC.0800.020,baby oil,liquid,1,1,1,0,0,1,0,0,1,1,1,0,330
product,PC.0800.030,baby powder,powder,1,1,1,0,0,1,0,0,1,1,1,0,331
product,PC.0800.040,baby shampoo,foam spray,0.333333333,3,1,0,0,1,0,1,1,1,1,0,332
product,PC.0800.040,baby shampoo,gel,0.333333333,3,1,0,0,1,0,0,1,1,1,0,333
product,PC.0800.040,baby shampoo,liquid,0.333333333,3,1,0,0,1,0,0,1,1,1,0,334
product,PC.0800.050,baby wash,liquid,1,1,1,0,0,1,0,0,1,1,1,0,335
product,PC.0800.060,baby wipes,wipes,1,1,1,0,0,1,0,0,1,1,1,0,336
product,PC.0800.070,bath paints/crayons,gel,0.333333333,3,1,0,0,1,0,0,1,1,1,0,337
product,PC.0800.070,bath paints/crayons,solid,0.333333333,3,1,0,0,1,0,0,1,0,1,0,338
product,PC.0800.070,bath paints/crayons,liquid,0.333333333,3,1,0,0,1,0,0,1,0,1,0,713
product,PC.0800.080,diaper cream,gel,0.333333333,3,1,0,0,1,0,0,1,1,1,0,339
product,PC.0800.080,diaper cream,liquid,0.333333333,3,1,0,0,1,0,0,1,1,1,0,340
product,PC.0800.080,diaper cream,paste,0.333333333,3,1,0,0,1,0,0,1,1,1,0,341
product,PC.0900.030,denture adhesive,gel,0.25,4,1,0,0,1,1,0,1,1,1,0,342
product,PC.0900.030,denture adhesive,paste,0.25,4,1,0,0,1,1,0,1,1,1,0,343
product,PC.0900.030,denture adhesive,powder,0.25,4,1,0,0,1,1,0,1,1,1,0,344
product,PC.0900.030,denture adhesive,solid,0.25,4,1,0,0,1,1,0,1,0,1,0,345
product,PC.0900.040,denture cleaner,gel,0.2,5,1,0,0,1,1,0,1,1,1,0,346
product,PC.0900.040,denture cleaner,liquid,0.2,5,1,0,0,1,1,0,1,1,1,0,347
product,PC.0900.040,denture cleaner,paste,0.2,5,1,0,0,1,1,0,1,1,1,0,348
product,PC.0900.040,denture cleaner,powder,0.2,5,1,0,0,1,1,0,1,1,1,0,349
product,PC.0900.040,denture cleaner,solid,0.2,5,1,0,0,1,1,0,1,0,1,0,350
product,PC.0900.050,mouthwash,liquid,1,1,1,0,0,1,1,0,1,1,1,0,351
product,PC.0900.060,teeth whitener,gel,0.5,2,1,0,0,1,1,0,1,1,1,0,352
product,PC.0900.060,teeth whitener,powder,0.5,2,1,0,0,1,1,0,1,1,1,0,353
product,PC.0900.070,toothpaste,gel,0.333333333,3,1,0,0,1,1,0,1,1,1,0,354
product,PC.0900.070,toothpaste,paste,0.333333333,3,1,0,0,1,1,0,1,1,1,0,355
product,PC.0900.070,toothpaste,powder,0.333333333,3,1,0,0,1,1,0,1,1,1,0,356
product,PC.1000.010,deodorant,aerosol,0.2,5,1,0,0,1,0,1,1,1,1,0,357
product,PC.1000.010,deodorant,gel,0.2,5,1,0,0,1,0,0,1,1,1,0,358
product,PC.1000.010,deodorant,liquid,0.2,5,1,0,0,1,0,0,1,1,1,0,359
product,PC.1000.010,deodorant,paste,0.2,5,1,0,0,1,0,0,1,1,1,0,360
product,PC.1000.010,deodorant,pump spray,0.2,5,1,0,0,1,0,1,1,1,1,0,361
product,PC.1100.020,contact care,liquid,1,1,1,0,0,1,0,0,1,1,1,0,362
product,PC.1100.030,eye cream,gel,0.5,2,1,0,0,1,0,0,1,1,1,0,363
product,PC.1100.030,eye cream,paste,0.5,2,1,0,0,1,0,0,1,1,1,0,364
product,PC.1100.040,eye drops,liquid,1,1,1,0,0,1,0,0,1,1,1,0,365
product,PC.1100.050,eye lid spray,pump spray,1,1,1,0,0,1,0,1,1,1,1,0,366
product,PC.1100.060,eye products,gel,0.333333333,3,1,0,0,1,0,0,1,1,1,0,367
product,PC.1100.060,eye products,liquid,0.333333333,3,1,0,0,1,0,0,1,1,1,0,368
product,PC.1100.060,eye products,paste,0.333333333,3,1,0,0,1,0,0,1,1,1,0,369
product,PC.1200.010,face cleansing wipes,wipes,1,1,1,0,0,1,0,0,1,1,1,0,370
product,PC.1200.020,face cream/moisturizer,gel,0.333333333,3,1,0,0,1,0,0,1,1,1,0,371
product,PC.1200.020,face cream/moisturizer,liquid,0.333333333,3,1,0,0,1,0,0,1,1,1,0,372
product,PC.1200.020,face cream/moisturizer,paste,0.333333333,3,1,0,0,1,0,0,1,1,1,0,373
product,PC.1200.030,face mask,gel,0.25,4,1,0,0,1,0,0,1,1,1,0,374
product,PC.1200.030,face mask,liquid,0.25,4,1,0,0,1,0,0,1,1,1,0,375
product,PC.1200.030,face mask,paste,0.25,4,1,0,0,1,0,0,1,1,1,0,376
product,PC.1200.030,face mask,solid,0.25,4,1,0,0,1,0,0,1,1,1,0,714
product,PC.1200.040,face scrub,gel,0.5,2,1,0,0,1,0,0,1,1,1,0,377
product,PC.1200.040,face scrub,paste,0.5,2,1,0,0,1,0,0,1,1,1,0,378
product,PC.1200.050,face wash,gel,0.333333333,3,1,0,0,1,0,0,1,1,1,0,379
product,PC.1200.050,face wash,liquid,0.333333333,3,1,0,0,1,0,0,1,1,1,0,380
product,PC.1200.050,face wash,paste,0.333333333,3,1,0,0,1,0,0,1,1,1,0,381
product,PC.1500.010,foot care,gel,0.333333333,3,1,0,0,1,0,0,1,1,1,0,382
product,PC.1500.010,foot care,liquid,0.333333333,3,1,0,0,1,0,0,1,1,1,0,383
product,PC.1500.010,foot care,paste,0.333333333,3,1,0,0,1,0,0,1,1,1,0,384
product,PC.1600.010,fragrance,aerosol,0.2,5,1,0,0,1,0,1,1,1,1,0,385
product,PC.1600.010,fragrance,pump spray,0.2,5,1,0,0,1,0,1,1,1,1,0,386
product,PC.1600.010,fragrance,gel,0.2,5,1,0,0,1,0,0,1,1,1,0,387
product,PC.1600.010,fragrance,liquid,0.2,5,1,0,0,1,0,0,1,1,1,0,388
product,PC.1600.010,fragrance,paste,0.2,5,1,0,0,1,0,0,1,1,1,0,389
product,PC.1700.010,hand/body lotion,gel,0.333333333,3,1,0,0,1,0,0,1,1,1,0,390
product,PC.1700.010,hand/body lotion,liquid,0.333333333,3,1,0,0,1,0,0,1,1,1,0,391
product,PC.1700.010,hand/body lotion,paste,0.333333333,3,1,0,0,1,0,0,1,1,1,0,392
product,PC.1800.010,glitter,gel,0.5,2,1,0,0,1,0,0,1,1,1,0,393
product,PC.1800.010,glitter,paste,0.5,2,1,0,0,1,0,0,1,1,1,0,394
product,PC.1900.010,hair bleach,gel,0.25,4,1,0,0,1,0,0,1,1,1,0,395
product,PC.1900.010,hair bleach,liquid,0.25,4,1,0,0,1,0,0,1,1,1,0,396
product,PC.1900.010,hair bleach,paste,0.25,4,1,0,0,1,0,0,1,1,1,0,397
product,PC.1900.010,hair bleach,powder,0.25,4,1,0,0,1,0,0,1,1,1,0,398
product,PC.1900.020,hair color,gel,0.25,4,1,0,0,1,0,0,1,1,1,0,399
product,PC.1900.020,hair color,liquid,0.25,4,1,0,0,1,0,0,1,1,1,0,400
product,PC.1900.020,hair color,paste,0.25,4,1,0,0,1,0,0,1,1,1,0,401
product,PC.1900.020,hair color,powder,0.25,4,1,0,0,1,0,0,1,1,1,0,402
product,PC.1900.030,hair color - permanent,gel,0.25,4,1,0,0,1,0,0,1,1,1,0,403
product,PC.1900.030,hair color - permanent,liquid,0.25,4,1,0,0,1,0,0,1,1,1,0,404
product,PC.1900.030,hair color - permanent,paste,0.25,4,1,0,0,1,0,0,1,1,1,0,405
product,PC.1900.030,hair color - permanent,powder,0.25,4,1,0,0,1,0,0,1,1,1,0,406
product,PC.1900.040,hair color - professional,gel,0.25,4,1,0,0,1,0,0,1,1,1,0,407
product,PC.1900.040,hair color - professional,liquid,0.25,4,1,0,0,1,0,0,1,1,1,0,408
product,PC.1900.040,hair color - professional,paste,0.25,4,1,0,0,1,0,0,1,1,1,0,409
product,PC.1900.040,hair color - professional,powder,0.25,4,1,0,0,1,0,0,1,1,1,0,410
product,PC.1900.050,hair color - temporary,gel,0.2,5,1,0,0,1,0,0,1,1,1,0,411
product,PC.1900.050,hair color - temporary,aerosol,0.2,5,1,0,0,1,0,1,1,1,1,0,412
product,PC.1900.050,hair color - temporary,liquid,0.2,5,1,0,0,1,0,0,1,1,1,0,413
product,PC.1900.050,hair color - temporary,paste,0.2,5,1,0,0,1,0,0,1,1,1,0,414
product,PC.1900.050,hair color - temporary,powder,0.2,5,1,0,0,1,0,0,1,1,1,0,415
product,PC.1900.060,hair color activator,gel,0.333333333,3,1,0,0,1,0,0,1,1,1,0,416
product,PC.1900.060,hair color activator,liquid,0.333333333,3,1,0,0,1,0,0,1,1,1,0,417
product,PC.1900.060,hair color activator,paste,0.333333333,3,1,0,0,1,0,0,1,1,1,0,418
product,PC.1900.070,hair color developer,gel,0.333333333,3,1,0,0,1,0,0,1,1,1,0,419
product,PC.1900.070,hair color developer,liquid,0.333333333,3,1,0,0,1,0,0,1,1,1,0,420
product,PC.1900.070,hair color developer,paste,0.333333333,3,1,0,0,1,0,0,1,1,1,0,421
product,PC.1900.080,hair color toner,gel,0.25,4,1,0,0,1,0,0,1,1,1,0,422
product,PC.1900.080,hair color toner,liquid,0.25,4,1,0,0,1,0,0,1,1,1,0,423
product,PC.1900.080,hair color toner,paste,0.25,4,1,0,0,1,0,0,1,1,1,0,424
product,PC.1900.080,hair color toner,powder,0.25,4,1,0,0,1,0,0,1,1,1,0,425
product,PC.2000.070,dry shampoo,powder,0.5,2,1,0,0,1,0,0,1,1,1,0,426
product,PC.2000.070,dry shampoo,aerosol,0.5,2,1,0,0,1,0,1,1,1,1,0,427
product,PC.2000.080,ethnic hair care,gel,0.25,4,1,0,0,1,0,0,1,1,1,0,428
product,PC.2000.080,ethnic hair care,liquid,0.25,4,1,0,0,1,0,0,1,1,1,0,429
product,PC.2000.080,ethnic hair care,paste,0.25,4,1,0,0,1,0,0,1,1,1,0,430
product,PC.2000.080,ethnic hair care,pump spray,0.25,4,1,0,0,1,0,1,1,1,1,0,431
product,PC.2000.090,hair conditioner,gel,0.333333333,3,1,0,0,1,0,0,1,1,1,0,432
product,PC.2000.090,hair conditioner,liquid,0.333333333,3,1,0,0,1,0,0,1,1,1,0,433
product,PC.2000.090,hair conditioner,paste,0.333333333,3,1,0,0,1,0,0,1,1,1,0,434
product,PC.2000.100,hair conditioner - leave-in,gel,0.25,4,1,0,0,1,0,0,1,1,1,0,435
product,PC.2000.100,hair conditioner - leave-in,liquid,0.25,4,1,0,0,1,0,0,1,1,1,0,436
product,PC.2000.100,hair conditioner - leave-in,paste,0.25,4,1,0,0,1,0,0,1,1,1,0,437
product,PC.2000.100,hair conditioner - leave-in,pump spray,0.25,4,1,0,0,1,0,1,1,1,1,0,438
product,PC.2000.110,hair conditioning treatment,gel,0.25,4,1,0,0,1,0,0,1,1,1,0,439
product,PC.2000.110,hair conditioning treatment,liquid,0.25,4,1,0,0,1,0,0,1,1,1,0,440
product,PC.2000.110,hair conditioning treatment,paste,0.25,4,1,0,0,1,0,0,1,1,1,0,441
product,PC.2000.110,hair conditioning treatment,pump spray,0.25,4,1,0,0,1,0,1,1,1,1,0,442
product,PC.2000.120,hair conditioning treatment - professional,gel,0.25,4,1,0,0,1,0,0,1,1,1,0,443
product,PC.2000.120,hair conditioning treatment - professional,liquid,0.25,4,1,0,0,1,0,0,1,1,1,0,444
product,PC.2000.120,hair conditioning treatment - professional,paste,0.25,4,1,0,0,1,0,0,1,1,1,0,445
product,PC.2000.120,hair conditioning treatment - professional,pump spray,0.25,4,1,0,0,1,0,1,1,1,1,0,446
product,PC.2000.130,hair relaxer,gel,0.333333333,3,1,0,0,1,0,0,1,1,1,0,447
product,PC.2000.130,hair relaxer,liquid,0.333333333,3,1,0,0,1,0,0,1,1,1,0,448
product,PC.2000.130,hair relaxer,paste,0.333333333,3,1,0,0,1,0,0,1,1,1,0,449
product,PC.2000.140,hair spray,aerosol,0.5,2,1,0,0,1,0,1,1,1,1,0,450
product,PC.2000.140,hair spray,pump spray,0.5,2,1,0,0,1,0,1,1,1,1,0,451
product,PC.2000.150,hair styling,foam,0.166666667,6,1,0,0,1,0,0,1,1,1,0,452
product,PC.2000.150,hair styling,gel,0.166666667,6,1,0,0,1,0,0,1,1,1,0,453
product,PC.2000.150,hair styling,liquid,0.166666667,6,1,0,0,1,0,0,1,1,1,0,454
product,PC.2000.150,hair styling,paste,0.166666667,6,1,0,0,1,0,0,1,1,1,0,455
product,PC.2000.150,hair styling,aerosol,0.166666667,6,1,0,0,1,0,1,1,1,1,0,456
product,PC.2000.150,hair styling,pump spray,0.166666667,6,1,0,0,1,0,1,1,1,1,0,457
product,PC.2000.180,lice shampoo,liquid,0.5,2,1,0,0,1,0,0,1,1,1,0,458
product,PC.2000.180,lice shampoo,pump spray,0.5,2,1,0,0,1,0,1,1,1,1,0,459
product,PC.2000.190,scalp treatment,aerosol,0.166666667,6,1,0,0,1,0,1,1,1,1,0,460
product,PC.2000.190,scalp treatment,gel,0.166666667,6,1,0,0,1,0,0,1,1,1,0,461
product,PC.2000.190,scalp treatment,liquid,0.166666667,6,1,0,0,1,0,0,1,1,1,0,462
product,PC.2000.190,scalp treatment,paste,0.166666667,6,1,0,0,1,0,0,1,1,1,0,463
product,PC.2000.190,scalp treatment,powder,0.166666667,6,1,0,0,1,0,0,1,1,1,0,464
product,PC.2000.190,scalp treatment,pump spray,0.166666667,6,1,0,0,1,0,1,1,1,1,0,465
product,PC.2000.200,shampoo - dandruff,aerosol,0.2,5,1,0,0,1,0,1,1,1,1,0,471
product,PC.2000.200,shampoo - dandruff,gel,0.2,5,1,0,0,1,0,0,1,1,1,0,472
product,PC.2000.200,shampoo - dandruff,liquid,0.2,5,1,0,0,1,0,0,1,1,1,0,473
product,PC.2000.200,shampoo - dandruff,paste,0.2,5,1,0,0,1,0,0,1,1,1,0,474
product,PC.2000.200,shampoo - dandruff,pump spray,0.2,5,1,0,0,1,0,1,1,1,1,0,475
product,PC.2000.210,shampoo,foam spray,0.2,5,1,0,0,1,0,1,1,1,1,0,466
product,PC.2000.210,shampoo,gel,0.2,5,1,0,0,1,0,0,1,1,1,0,467
product,PC.2000.210,shampoo,liquid,0.2,5,1,0,0,1,0,0,1,1,1,0,468
product,PC.2000.210,shampoo,paste,0.2,5,1,0,0,1,0,0,1,1,1,0,469
product,PC.2000.210,shampoo,powder,0.2,5,1,0,0,1,0,0,1,1,1,0,470
product,PC.2200.010,liniment,aerosol,0.2,5,1,0,0,1,0,1,1,1,1,0,476
product,PC.2200.010,liniment,gel,0.2,5,1,0,0,1,0,0,1,1,1,0,477
product,PC.2200.010,liniment,liquid,0.2,5,1,0,0,1,0,0,1,1,1,0,478
product,PC.2200.010,liniment,paste,0.2,5,1,0,0,1,0,0,1,1,1,0,479
product,PC.2200.010,liniment,pump spray,0.2,5,1,0,0,1,0,1,1,1,1,0,480
product,PC.2300.010,blush/bronzer,paste,0.5,2,1,0,0,1,0,0,1,1,1,0,481
product,PC.2300.010,blush/bronzer,powder,0.5,2,1,0,0,1,0,0,1,1,1,0,482
product,PC.2300.020,cosmetic tool cleaner,gel,0.25,4,1,0,0,1,0,0,1,1,1,0,483
product,PC.2300.020,cosmetic tool cleaner,liquid,0.25,4,1,0,0,1,0,0,1,1,1,0,484
product,PC.2300.020,cosmetic tool cleaner,paste,0.25,4,1,0,0,1,0,0,1,1,1,0,485
product,PC.2300.020,cosmetic tool cleaner,pump spray,0.25,4,1,0,0,1,0,1,1,1,1,0,486
product,PC.2300.030,eye liner,gel,0.333333333,3,1,0,0,1,0,0,1,1,1,0,487
product,PC.2300.030,eye liner,liquid,0.333333333,3,1,0,0,1,0,0,1,1,1,0,488
product,PC.2300.030,eye liner,paste,0.333333333,3,1,0,0,1,0,0,1,1,1,0,489
product,PC.2300.040,eye makeup,gel,0.333333333,3,1,0,0,1,0,0,1,1,1,0,490
product,PC.2300.040,eye makeup,liquid,0.333333333,3,1,0,0,1,0,0,1,1,1,0,491
product,PC.2300.040,eye makeup,paste,0.333333333,3,1,0,0,1,0,0,1,1,1,0,492
product,PC.2300.050,eye shadow,gel,0.25,4,1,0,0,1,0,0,1,1,1,0,493
product,PC.2300.050,eye shadow,liquid,0.25,4,1,0,0,1,0,0,1,1,1,0,494
product,PC.2300.050,eye shadow,paste,0.25,4,1,0,0,1,0,0,1,1,1,0,495
product,PC.2300.050,eye shadow,powder,0.25,4,1,0,0,1,0,0,1,1,1,0,496
product,PC.2300.060,face powder,powder,1,1,1,0,0,1,0,0,1,1,1,0,497
product,PC.2300.070,foundation/concealer,gel,0.25,4,1,0,0,1,0,0,1,1,1,0,498
product,PC.2300.070,foundation/concealer,liquid,0.25,4,1,0,0,1,0,0,1,1,1,0,499
product,PC.2300.070,foundation/concealer,paste,0.25,4,1,0,0,1,0,0,1,1,1,0,500
product,PC.2300.070,foundation/concealer,powder,0.25,4,1,0,0,1,0,0,1,1,1,0,715
product,PC.2300.080,lip balm,gel,0.5,2,1,0,0,1,1,0,1,1,1,0,501
product,PC.2300.080,lip balm,paste,0.5,2,1,0,0,1,1,0,1,1,1,0,502
product,PC.2300.090,lip color,gel,0.333333333,3,1,0,0,1,1,0,1,1,1,0,503
product,PC.2300.090,lip color,paste,0.333333333,3,1,0,0,1,1,0,1,1,1,0,504
product,PC.2300.090,lip color,liquid,0.333333333,3,1,0,0,1,1,0,1,1,1,0,716
product,PC.2300.100,lip gloss,gel,0.5,2,1,0,0,1,1,0,1,1,1,0,505
product,PC.2300.100,lip gloss,liquid,0.5,2,1,0,0,1,1,0,1,1,1,0,506
product,PC.2300.110,lip liner,paste,1,1,1,0,0,1,1,0,1,1,1,0,507
product,PC.2300.120,makeup primer,gel,0.2,5,1,0,0,1,0,0,1,1,1,0,508
product,PC.2300.120,makeup primer,liquid,0.2,5,1,0,0,1,0,0,1,1,1,0,509
product,PC.2300.120,makeup primer,paste,0.2,5,1,0,0,1,0,0,1,1,1,0,510
product,PC.2300.120,makeup primer,powder,0.2,5,1,0,0,1,0,0,1,1,1,0,511
product,PC.2300.120,makeup primer,pump spray,0.2,5,1,0,0,1,0,1,1,1,1,0,512
product,PC.2300.130,makeup remover,aerosol,0.2,5,1,0,0,1,0,1,1,1,1,0,513
product,PC.2300.130,makeup remover,gel,0.2,5,1,0,0,1,0,0,1,1,1,0,514
product,PC.2300.130,makeup remover,liquid,0.2,5,1,0,0,1,0,0,1,1,1,0,515
product,PC.2300.130,makeup remover,paste,0.2,5,1,0,0,1,0,0,1,1,1,0,516
product,PC.2300.130,makeup remover,pump spray,0.2,5,1,0,0,1,0,1,1,1,1,0,517
product,PC.2300.140,makeup set,aerosol,0.166666667,6,1,0,0,1,0,1,1,1,1,0,518
product,PC.2300.140,makeup set,gel,0.166666667,6,1,0,0,1,0,0,1,1,1,0,519
product,PC.2300.140,makeup set,liquid,0.166666667,6,1,0,0,1,0,0,1,1,1,0,520
product,PC.2300.140,makeup set,paste,0.166666667,6,1,0,0,1,0,0,1,1,1,0,521
product,PC.2300.140,makeup set,powder,0.166666667,6,1,0,0,1,0,0,1,1,1,0,522
product,PC.2300.140,makeup set,pump spray,0.166666667,6,1,0,0,1,0,1,1,1,1,0,523
product,PC.2300.150,mascara,gel,0.5,2,1,0,0,1,0,0,1,1,1,0,524
product,PC.2300.150,mascara,liquid,0.5,2,1,0,0,1,0,0,1,1,1,0,525
product,PC.2300.160,toner,gel,0.333333333,3,1,0,0,1,0,0,1,1,1,0,526
product,PC.2300.160,toner,liquid,0.333333333,3,1,0,0,1,0,0,1,1,1,0,527
product,PC.2300.160,toner,pump spray,0.333333333,3,1,0,0,1,0,1,1,1,1,0,528
product,PC.2400.010,nail adhesive,gel,1,1,1,0,0,1,0,0,1,1,1,0,529
product,PC.2400.020,nail polish,aerosol,0.333333333,3,1,0,0,1,0,1,1,1,1,0,530
product,PC.2400.020,nail polish,gel,0.333333333,3,1,0,0,1,0,0,1,1,1,0,531
product,PC.2400.020,nail polish,liquid,0.333333333,3,1,0,0,1,0,0,1,1,1,0,532
product,PC.2400.030,nail polish remover,gel,0.333333333,3,1,0,0,1,0,0,1,1,1,0,533
product,PC.2400.030,nail polish remover,liquid,0.333333333,3,1,0,0,1,0,0,1,1,1,0,534
product,PC.2400.030,nail polish remover,wipes,0.333333333,3,1,0,0,1,0,0,1,1,1,0,535
product,PC.2400.040,other nail products,gel,0.25,4,1,0,0,1,0,0,1,1,1,0,536
product,PC.2400.040,other nail products,liquid,0.25,4,1,0,0,1,0,0,1,1,1,0,537
product,PC.2400.040,other nail products,paste,0.25,4,1,0,0,1,0,0,1,1,1,0,538
product,PC.2400.040,other nail products,powder,0.25,4,1,0,0,1,0,0,1,1,1,0,539
product,PC.2500.010,self-tanner,aerosol,0.333333333,3,1,0,0,1,0,1,1,1,1,0,540
product,PC.2500.010,self-tanner,gel,0.333333333,3,1,0,0,1,0,0,1,1,1,0,541
product,PC.2500.010,self-tanner,liquid,0.333333333,3,1,0,0,1,0,0,1,1,1,0,542
product,PC.2600.010,sexual wellness,aerosol,0.2,5,1,0,0,1,0,1,1,1,1,0,543
product,PC.2600.010,sexual wellness,gel,0.2,5,1,0,0,1,0,0,1,1,1,0,544
product,PC.2600.010,sexual wellness,liquid,0.2,5,1,0,0,1,0,0,1,1,1,0,545
product,PC.2600.010,sexual wellness,powder,0.2,5,1,0,0,1,0,0,1,1,1,0,546
product,PC.2600.010,sexual wellness,pump spray,0.2,5,1,0,0,1,0,1,1,1,1,0,547
product,PC.2700.040,aftershave,pump spray,0.25,4,1,0,0,1,0,1,1,1,1,0,548
product,PC.2700.040,aftershave,gel,0.25,4,1,0,0,1,0,0,1,1,1,0,549
product,PC.2700.040,aftershave,liquid,0.25,4,1,0,0,1,0,0,1,1,1,0,550
product,PC.2700.040,aftershave,paste,0.25,4,1,0,0,1,0,0,1,1,1,0,551
product,PC.2700.050,clipper lubricant/cleaner,liquid,1,1,1,0,0,1,0,0,1,1,1,0,552
product,PC.2700.060,depilatory,liquid,0.2,5,1,0,0,1,0,0,1,1,1,0,553
product,PC.2700.060,depilatory,aerosol,0.2,5,1,0,0,1,0,1,1,1,1,0,554
product,PC.2700.060,depilatory,foam spray,0.2,5,1,0,0,1,0,1,1,1,1,0,555
product,PC.2700.060,depilatory,gel,0.2,5,1,0,0,1,0,0,1,1,1,0,556
product,PC.2700.060,depilatory,paste,0.2,5,1,0,0,1,0,0,1,1,1,0,557
product,PC.2700.070,shaving cream,foam,0.25,4,1,0,0,1,0,0,1,1,1,0,558
product,PC.2700.070,shaving cream,foam spray,0.25,4,1,0,0,1,0,1,1,1,1,0,559
product,PC.2700.070,shaving cream,gel,0.25,4,1,0,0,1,0,0,1,1,1,0,560
product,PC.2700.070,shaving cream,solid,0.25,4,1,0,0,1,0,0,1,0,1,0,561
product,PC.2700.080,waxing,gel,0.333333333,3,1,0,0,1,0,0,1,1,1,0,562
product,PC.2700.080,waxing,hot melt,0.333333333,3,1,0,0,1,0,0,1,1,1,0,563
product,PC.2700.080,waxing,paste,0.333333333,3,1,0,0,1,0,0,1,1,1,0,564
product,PC.2800.010,bath oil,liquid,0.5,2,1,0,0,1,0,0,1,1,1,0,565
product,PC.2800.010,bath oil,pods,0.5,2,1,0,0,1,0,0,1,1,1,0,566
product,PC.2800.020,bath salts,powder,0.5,2,1,0,0,1,0,0,1,1,1,0,567
product,PC.2800.020,bath salts,solid,0.5,2,1,0,0,1,0,0,1,0,1,0,568
product,PC.2800.030,bubble bath,gel,0.25,4,1,0,0,1,0,0,1,1,1,0,569
product,PC.2800.030,bubble bath,liquid,0.25,4,1,0,0,1,0,0,1,1,1,0,570
product,PC.2800.030,bubble bath,powder,0.25,4,1,0,0,1,0,0,1,1,1,0,571
product,PC.2800.030,bubble bath,solid,0.25,4,1,0,0,1,0,0,1,0,1,0,572
product,PC.2900.010,sunscreen,aerosol,0.142857143,7,0,0,0,1,0,1,1,0,0,0,573
product,PC.2900.010,sunscreen,foam spray,0.142857143,7,0,0,0,1,0,1,1,0,0,0,574
product,PC.2900.010,sunscreen,gel,0.142857143,7,0,0,0,1,0,0,1,0,0,0,575
product,PC.2900.010,sunscreen,liquid,0.142857143,7,0,0,0,1,0,0,1,0,0,0,576
product,PC.2900.010,sunscreen,paste,0.142857143,7,0,0,0,1,0,0,1,0,0,0,577
product,PC.2900.010,sunscreen,pump spray,0.142857143,7,0,0,0,1,0,1,1,0,0,0,578
product,PC.2900.010,sunscreen,wipes,0.142857143,7,0,0,0,1,0,0,1,0,0,0,579
product,PE.0100.010,animal repellent,gel,0.2,5,0,0,0,1,0,0,1,0,0,0,580
product,PE.0100.010,animal repellent,liquid,0.2,5,0,0,0,1,0,0,1,0,0,0,581
product,PE.0100.010,animal repellent,powder,0.2,5,0,0,0,1,0,0,1,0,0,0,582
product,PE.0100.010,animal repellent,pump spray,0.2,5,0,0,0,1,0,1,1,0,0,0,583
product,PE.0100.010,animal repellent,granules,0.2,5,0,0,0,1,0,0,1,0,0,0,717
product,PE.0200.010,fungicide,aerosol,0.25,4,0,0,0,1,0,1,1,0,0,0,584
product,PE.0200.010,fungicide,liquid,0.25,4,0,0,0,1,0,0,1,0,0,0,585
product,PE.0200.010,fungicide,powder,0.25,4,0,0,0,1,0,0,1,0,0,0,586
product,PE.0200.010,fungicide,pump spray,0.25,4,0,0,0,1,0,1,1,0,0,0,587
product,PE.0300.010,insect repellent,aerosol,0.142857143,7,0,0,0,1,0,1,1,0,0,0,588
product,PE.0300.010,insect repellent,gel,0.142857143,7,0,0,0,1,0,0,1,0,0,0,589
product,PE.0300.010,insect repellent,liquid,0.142857143,7,0,0,0,1,0,0,1,0,0,0,590
product,PE.0300.010,insect repellent,paste,0.142857143,7,0,0,0,1,0,0,1,0,0,0,591
product,PE.0300.010,insect repellent,pump spray,0.142857143,7,0,0,0,1,0,1,1,0,0,0,592
product,PE.0300.010,insect repellent,wipes,0.142857143,7,0,0,0,1,0,0,1,0,0,0,593
product,PE.0300.010,insect repellent,solid,0.142857143,7,0,0,0,1,0,0,1,0,0,0,718
product,PE.0300.030,insect repellent - skin,aerosol,0.25,4,0,0,0,1,0,1,1,0,0,0,594
product,PE.0300.030,insect repellent - skin,liquid,0.25,4,0,0,0,1,0,0,1,0,0,0,595
product,PE.0300.030,insect repellent - skin,pump spray,0.25,4,0,0,0,1,0,1,1,0,0,0,596
product,PE.0300.030,insect repellent - skin,wipes,0.25,4,0,0,0,1,0,0,1,0,0,0,597
product,PE.0400.010,insecticide,aerosol,0.125,8,1,0,0,1,0,1,1,1,1,0,598
product,PE.0400.010,insecticide,gel,0.125,8,1,0,0,1,0,0,1,1,1,0,599
product,PE.0400.010,insecticide,liquid,0.125,8,1,0,0,1,0,0,1,1,1,0,600
product,PE.0400.010,insecticide,paste,0.125,8,1,0,0,1,0,0,1,1,1,0,601
product,PE.0400.010,insecticide,powder,0.125,8,1,0,0,1,0,0,1,1,1,0,602
product,PE.0400.010,insecticide,pump spray,0.125,8,1,0,0,1,0,1,1,1,1,0,603
product,PE.0400.010,insecticide,trap,0.125,8,1,0,0,1,0,0,1,1,1,0,604
product,PE.0400.010,insecticide,granules,0.125,8,1,0,0,1,0,0,1,1,1,0,719
product,PE.0400.010.E,exterior insecticide,liquid,1,1,0,0,0,1,0,0,1,1,1,0,720
product,PE.0500.010,rodenticide,aerosol,0.125,8,1,0,0,1,0,1,1,1,1,0,605
product,PE.0500.010,rodenticide,gel,0.125,8,1,0,0,1,0,0,1,1,1,0,606
product,PE.0500.010,rodenticide,liquid,0.125,8,1,0,0,1,0,0,1,1,1,0,607
product,PE.0500.010,rodenticide,paste,0.125,8,1,0,0,1,0,0,1,1,1,0,608
product,PE.0500.010,rodenticide,powder,0.125,8,1,0,0,1,0,0,1,1,1,0,609
product,PE.0500.010,rodenticide,pump spray,0.125,8,1,0,0,1,0,1,1,1,1,0,610
product,PE.0500.010,rodenticide,solid,0.125,8,1,0,0,1,0,0,1,0,1,0,611
product,PE.0500.010,rodenticide,trap,0.125,8,1,0,0,1,0,0,1,1,1,0,612
product,PT.0100.060,other pet treatments,gel,0.333333333,3,1,0,0,1,0,0,1,1,1,0,613
product,PT.0100.060,other pet treatments,liquid,0.333333333,3,1,0,0,1,0,0,1,1,1,0,614
product,PT.0100.060,other pet treatments,pump spray,0.333333333,3,1,0,0,1,0,1,1,1,1,0,615
product,PT.0100.070,pesticide - pet,aerosol,0.2,5,1,0,0,1,0,1,1,1,1,0,616
product,PT.0100.070,pesticide - pet,gel,0.2,5,1,0,0,1,0,0,1,1,1,0,617
product,PT.0100.070,pesticide - pet,liquid,0.2,5,1,0,0,1,0,0,1,1,1,0,618
product,PT.0100.070,pesticide - pet,paste,0.2,5,1,0,0,1,0,0,1,1,1,0,619
product,PT.0100.070,pesticide - pet,pump spray,0.2,5,1,0,0,1,0,1,1,1,1,0,620
product,PT.0100.080,pet shampoo,foam spray,0.333333333,3,1,0,0,1,0,1,1,1,1,0,621
product,PT.0100.080,pet shampoo,gel,0.333333333,3,1,0,0,1,0,0,1,1,1,0,622
product,PT.0100.080,pet shampoo,liquid,0.333333333,3,1,0,0,1,0,0,1,1,1,0,623
product,PT.0100.090,pet stain cleaner,gel,0.2,5,1,0,0,1,0,0,1,1,1,0,624
product,PT.0100.090,pet stain cleaner,liquid,0.2,5,1,0,0,1,0,0,1,1,1,0,625
product,PT.0100.090,pet stain cleaner,foam spray,0.2,5,1,0,0,1,0,1,1,1,1,0,626
product,PT.0100.090,pet stain cleaner,pump spray,0.2,5,1,0,0,1,0,1,1,1,1,0,627
product,PT.0100.090,pet stain cleaner,aerosol,0.2,5,1,0,0,1,0,1,1,1,1,0,628
product,PT.0200.010,cat litter,powder,0.5,2,1,0,0,1,0,0,1,0,1,0,629
product,PT.0200.010,cat litter,solid,0.5,2,1,0,0,1,0,0,1,0,1,0,630
product,PT.0400.010,aquarium,gas,0.2,5,1,0,0,1,0,0,1,1,1,0,631
product,PT.0400.010,aquarium,liquid,0.2,5,1,0,0,1,0,0,1,1,1,0,632
product,PT.0400.010,aquarium,powder,0.2,5,1,0,0,1,0,0,1,1,1,0,633
product,PT.0400.010,aquarium,pump spray,0.2,5,1,0,0,1,0,1,1,1,1,0,634
product,PT.0400.010,aquarium,solid,0.2,5,1,0,0,1,0,0,1,0,1,0,635
product,SE.0300.020,bicycle cleaner,aerosol,0.25,4,0,0,0,1,0,1,1,0,0,0,636
product,SE.0300.020,bicycle cleaner,gel,0.25,4,0,0,0,1,0,0,1,0,0,0,637
product,SE.0300.020,bicycle cleaner,liquid,0.25,4,0,0,0,1,0,0,1,0,0,0,638
product,SE.0300.020,bicycle cleaner,pump spray,0.25,4,0,0,0,1,0,1,1,0,0,0,639
product,SE.0400.020,reel oil,aerosol,0.25,4,0,0,0,1,0,1,1,0,0,0,640
product,SE.0400.020,reel oil,gel,0.25,4,0,0,0,1,0,0,1,0,0,0,641
product,SE.0400.020,reel oil,liquid,0.25,4,0,0,0,1,0,0,1,0,0,0,642
product,SE.0400.020,reel oil,pump spray,0.25,4,0,0,0,1,0,1,1,0,0,0,643
product,SE.0600.010,gun cleaner,aerosol,0.333333333,3,0,0,0,1,0,1,1,0,0,0,644
product,SE.0600.010,gun cleaner,liquid,0.333333333,3,0,0,0,1,0,0,1,0,0,0,645
product,SE.0600.010,gun cleaner,pump spray,0.333333333,3,0,0,0,1,0,1,1,0,0,0,646
product,SE.0800.030,wax,aerosol,0.25,4,0,0,0,1,0,1,1,0,0,0,647
product,SE.0800.030,wax,gel,0.25,4,0,0,0,1,0,0,1,0,0,0,648
product,SE.0800.030,wax,liquid,0.25,4,0,0,0,1,0,0,1,0,0,0,649
product,SE.0800.030,wax,solid,0.25,4,0,0,0,1,0,0,1,0,0,0,650
product,VE.0100.010,auto paint,liquid,0.5,2,0,0,0,1,0,0,1,0,0,0,651
product,VE.0100.010,auto paint,aerosol,0.5,2,0,0,0,1,0,1,1,0,0,0,652
product,VE.0100.020,body repair,gel,0.333333333,3,0,0,0,1,0,0,1,0,0,0,653
product,VE.0100.020,body repair,liquid,0.333333333,3,0,0,0,1,0,0,1,0,0,0,654
product,VE.0100.020,body repair,paste,0.333333333,3,0,0,0,1,0,0,1,0,0,0,655
product,VE.0100.030,detailing,aerosol,0.25,4,0,0,0,1,0,1,1,0,0,0,656
product,VE.0100.030,detailing,gel,0.25,4,0,0,0,1,0,0,1,0,0,0,657
product,VE.0100.030,detailing,liquid,0.25,4,0,0,0,1,0,0,1,0,0,0,658
product,VE.0100.030,detailing,pump spray,0.25,4,0,0,0,1,0,1,1,0,0,0,659
product,VE.0100.040,windows/windshield,aerosol,0.333333333,3,0,0,0,1,0,1,1,0,0,0,660
product,VE.0100.040,windows/windshield,liquid,0.333333333,3,0,0,0,1,0,0,1,0,0,0,661
product,VE.0100.040,windows/windshield,pump spray,0.333333333,3,0,0,0,1,0,1,1,0,0,0,662
product,VE.0200.010,boat cleaner - deck care,aerosol,0.333333333,3,0,0,0,1,0,1,1,0,0,0,663
product,VE.0200.010,boat cleaner - deck care,liquid,0.333333333,3,0,0,0,1,0,0,1,0,0,0,664
product,VE.0200.010,boat cleaner - deck care,pump spray,0.333333333,3,0,0,0,1,0,1,1,0,0,0,665
product,VE.0200.020,boat cleaner - general,aerosol,0.2,5,0,0,0,1,0,1,1,0,0,0,666
product,VE.0200.020,boat cleaner - general,gel,0.2,5,0,0,0,1,0,0,1,0,0,0,667
product,VE.0200.020,boat cleaner - general,liquid,0.2,5,0,0,0,1,0,0,1,0,0,0,668
product,VE.0200.020,boat cleaner - general,paste,0.2,5,0,0,0,1,0,0,1,0,0,0,669
product,VE.0200.020,boat cleaner - general,pump spray,0.2,5,0,0,0,1,0,1,1,0,0,0,670
product,VE.0200.030,boat cleaner - hull care,aerosol,0.2,5,0,0,0,1,0,1,1,0,0,0,671
product,VE.0200.030,boat cleaner - hull care,gel,0.2,5,0,0,0,1,0,0,1,0,0,0,672
product,VE.0200.030,boat cleaner - hull care,liquid,0.2,5,0,0,0,1,0,0,1,0,0,0,673
product,VE.0200.030,boat cleaner - hull care,paste,0.2,5,0,0,0,1,0,0,1,0,0,0,674
product,VE.0200.030,boat cleaner - hull care,pump spray,0.2,5,0,0,0,1,0,1,1,0,0,0,675
product,VE.0200.040,boat engine fluids,liquid,1,1,0,0,0,1,0,0,1,0,0,0,676
product,VE.0300.010,auto air freshener,aerosol,0.25,4,0,0,0,1,0,1,1,0,0,0,677
product,VE.0300.010,auto air freshener,gel,0.25,4,0,0,0,1,0,0,1,0,0,0,678
product,VE.0300.010,auto air freshener,liquid,0.25,4,0,0,0,1,0,0,1,0,0,0,679
product,VE.0300.010,auto air freshener,solid,0.25,4,0,0,0,1,0,0,1,0,0,0,680
product,VE.0400.010,body cleaner,liquid,0.333333333,3,0,0,0,1,0,0,1,0,0,0,681
product,VE.0400.010,body cleaner,paste,0.333333333,3,0,0,0,1,0,0,1,0,0,0,682
product,VE.0400.010,body cleaner,pump spray,0.333333333,3,0,0,0,1,0,1,1,0,0,0,683
product,VE.0400.020,body wax,liquid,0.5,2,0,0,0,1,0,0,1,0,0,0,684
product,VE.0400.020,body wax,paste,0.5,2,0,0,0,1,0,0,1,0,0,0,685
product,VE.0400.030,combination product,liquid,0.5,2,0,0,0,1,0,0,1,0,0,0,686
product,VE.0400.030,combination product,paste,0.5,2,0,0,0,1,0,0,1,0,0,0,687
product,VE.0400.040,degreaser,liquid,0.5,2,0,0,0,1,0,0,1,0,0,0,688
product,VE.0400.040,degreaser,aerosol,0.5,2,0,0,0,1,0,1,1,0,0,0,689
product,VE.0400.050,other,liquid,0.333333333,3,0,0,0,1,0,0,1,0,0,0,690
product,VE.0400.050,other,paste,0.333333333,3,0,0,0,1,0,0,1,0,0,0,691
product,VE.0400.050,other,pump spray,0.333333333,3,0,0,0,1,0,1,1,0,0,0,692
product,VE.0500.010,antifreeze,liquid,1,1,0,0,0,1,0,0,1,0,0,0,693
product,VE.0500.020,auto fluids and additives,aerosol,0.5,2,0,0,0,1,0,1,1,0,0,0,694
product,VE.0500.020,auto fluids and additives,liquid,0.5,2,0,0,0,1,0,0,1,0,0,0,695
product,VE.0500.030,auto lubricant,gel,0.5,2,0,0,0,1,0,0,1,0,0,0,696
product,VE.0500.030,auto lubricant,liquid,0.5,2,0,0,0,1,0,0,1,0,0,0,697
product,VE.0500.040,auto refrigerant,gas,1,1,0,0,0,1,0,0,1,0,0,0,698
product,VE.0500.050,motor oil,liquid,1,1,0,0,0,1,0,0,1,0,0,0,699
